,posting_id,user_name,tweet,slank_text,remove_user,polarity,subjective,sentiment
204,1340581198565809920,Tarik tyagi,b ab kahan gaya korona,b'@AmitShah Ab Kahan gaya korona',b' Ab Kahan gaya korona',0.0,0.0,Neutral
196,1340582086281989888,ayayawae,b abis korona dah,b'@ftrsrrn abis korona   dah...',b' abis korona   dah...',0.0,0.0,Neutral
9,1340637100039749888,Jan etes dewasa,b afc menyerahkan ke pssi kompetisi baru minggu jalan korona terus berhenti force majeur emg pssi nya saja tidak bener kocak,"b'@ajiandiri afc menyerahkan ke pssi, kompetisi baru 3 minggu jalan korona terus berhenti force majeur.. emg pssi nya saja tidak bener, kocak'","b' afc menyerahkan ke pssi, kompetisi baru 3 minggu jalan korona terus berhenti force majeur.. emg pssi nya saja tidak bener, kocak'",0.0,0.0,Neutral
146,1340592050694020096,he^eh,b aku g seberani itu sii bercanda dengan atas nama korona xexxbaxefxbxf,b'@herman23649 aku g seberani itu sii bercanda dengan atas nama korona \xe2\x98\xba\xef\xb8\x8f',b' aku g seberani itu sii bercanda dengan atas nama korona \xe2\x98\xba\xef\xb8\x8f',0.0,0.0,Neutral
52,1340623090590439936,Ahmad Fauzi,b aku tuliskan buat mas kiki sih temen ngidol jaman nya verif dan tidak verif mas kiki verif sayaxexxa,"b'@kiikii_91 2020 aku tuliskan buat mas kiki sih, temen ngidol jaman nya verif dan tidak verif (mas kiki verif, saya\xe2\x80\xa6 https://t.co/tZnvz3G3H4'","b' 2020 aku tuliskan buat mas kiki sih, temen ngidol jaman nya verif dan tidak verif (mas kiki verif, saya\xe2\x80\xa6 https://t.co/tZnvz3G3H4'",0.0,0.0,Neutral
164,1340587160110459904,Aku suka,b andai saja tidak ada korona di muka bumi indah nan permai ini,b'@puriprmswri Andai saja tidak ada korona di muka bumi indah nan permai ini',b' Andai saja tidak ada korona di muka bumi indah nan permai ini',0.0,0.0,Neutral
186,1340582939583620096,athÃ™â€¹ena,b angkatan korona ya kak,b'@lemonilia angkatan korona ya kak',b' angkatan korona ya kak',0.0,0.0,Neutral
250,1340554995763089920,kutubelanja,b anjir kesel saya nih ya tmn saya dari kls smpe itu ranking anmurid terus tibatiba krg ranking xexxa,b'@areajulid anjir kesel saya. nih ya tmn saya dari kls 10 smpe 11 itu ranking 30an(murid34) terus tiba-tiba krg ranking 3.\xe2\x80\xa6 https://t.co/gvsnlwcb2c',b' anjir kesel saya. nih ya tmn saya dari kls 10 smpe 11 itu ranking 30an(murid34) terus tiba-tiba krg ranking 3.\xe2\x80\xa6 https://t.co/gvsnlwcb2c',0.0,0.0,Neutral
32,1340630181443069952,Azzam_mumtaz99,b anjlok tidakra korona mudah mudahan tidak anjlok dan ada perubahan lah aamin xfxfxaxbxfxfxaxbxfxfxxf,"b'2020 anjlok tidakra2 korona, 2021 mudah mudahan tidak anjlok dan ada perubahan lah aamin \xf0\x9f\xa4\xb2\xf0\x9f\xa4\xb2\xf0\x9f\x99\x8f'","b'2020 anjlok tidakra2 korona, 2021 mudah mudahan tidak anjlok dan ada perubahan lah aamin \xf0\x9f\xa4\xb2\xf0\x9f\xa4\xb2\xf0\x9f\x99\x8f'",0.0,0.0,Neutral
104,1340603221492910080,Doyoung 100k,b apakah senyum lu korona,b'@sunookym Apakah senyum lu korona?:(',b' Apakah senyum lu korona?:(',0.0,0.0,Neutral
93,1340606823183759872,oby,b astaga korona hei korona makanya pake masker xfxfxaxa,"b'@Bucinkucing7 Astaga, korona hei korona. Makanya pake masker \xf0\x9f\xa4\xa3'","b' Astaga, korona hei korona. Makanya pake masker \xf0\x9f\xa4\xa3'",0.0,0.0,Neutral
150,1340591175753850112,Ã°Å¸Å’ÂºcriptazÃ°Å¸Å’Âº,b berjemurkan lagi koronaxfxfxx,b'@wiyotho851 @midjan_la berjemur...kan lagi korona\xf0\x9f\x98\x85',b'  berjemur...kan lagi korona\xf0\x9f\x98\x85',0.0,0.0,Neutral
107,1340600813845169920,Ã¡Âµâ€ºÃ¡ÂµÂpioÃ¢ÂÂ·,b bln tidak dijkt korona bner bnerxfxfxxaxfxfxxaxfxfxxaxfxfxxaxfxfxxaxfxfxxaxfxfxxaxfxfxxaxfxfxxa,b'4 bln tidak dijkt korona bner bner\xf0\x9f\x98\xa1\xf0\x9f\x98\xa1\xf0\x9f\x98\xa1\xf0\x9f\x98\xa1\xf0\x9f\x98\xa1\xf0\x9f\x98\xa1\xf0\x9f\x98\xa1\xf0\x9f\x98\xa1\xf0\x9f\x98\xa1',b'4 bln tidak dijkt korona bner bner\xf0\x9f\x98\xa1\xf0\x9f\x98\xa1\xf0\x9f\x98\xa1\xf0\x9f\x98\xa1\xf0\x9f\x98\xa1\xf0\x9f\x98\xa1\xf0\x9f\x98\xa1\xf0\x9f\x98\xa1\xf0\x9f\x98\xa1',0.0,0.0,Neutral
12,1340636508424809984,Sooniyah,b cacinxexxa,b'@fatih_ahda @KakekHalal @Fahrihamzah @aniesbaswedan @hnurwahid @sudjiwotedjo_ @LisaAmartatara3 @RestyResseh 9 cacin\xe2\x80\xa6 https://t.co/CecrNaQgJf',b'        9 cacin\xe2\x80\xa6 https://t.co/CecrNaQgJf',0.0,0.0,Neutral
253,1340554053399399936,Ã°Ââ€¢â€ Ã°Ââ€¢Å¸Ã°Ââ€¢Â¥Ã°Ââ€¢Âª Ã°Ââ€¢Â£Ã°Ââ€¢â€™Ã°Ââ€¢Å¸Ã°Å¸Â§Å¡Ã°Å¸ÂÂ»|Ã°Å¸â€œÅ’ wts pc exo ready ina,b dufan rame pas korona gini tidak,b'@nabunny__ @sabryyynnn @cxvniii dufan rame pas korona gini tidak?',b'   dufan rame pas korona gini tidak?',0.0,0.0,Neutral
98,1340605272968969984,LOEYNDI~,b efek kelamaan di rumah gegara korona jadi rangorang pada gabut akhirnya cari xexcxa pekara xexcxa,b'@Y0URS614 Efek kelamaan di rumah gegara korona jadi rangorang pada gabut akhirnya cari \xe2\x9c\xa8 pekara \xe2\x9c\xa8',b' Efek kelamaan di rumah gegara korona jadi rangorang pada gabut akhirnya cari \xe2\x9c\xa8 pekara \xe2\x9c\xa8',0.0,0.0,Neutral
83,1340610344423539968,Bugilicious,b foto sebelum korona bro,b'@lordfapfap Foto sebelum korona bro',b' Foto sebelum korona bro',0.0,0.0,Neutral
113,1340599613510720000,Ã¢â„¢â€¢Ã¯Â¸Å½Ã°Ââ€™â€šÃ°Ââ€™ÂÃ°Ââ€™â€ Ã°Ââ€™â„¢Ã°Ââ€™â€š. | ale gx waras krn haje | LIMIT,b gx dulu lghi koronaxfxfxxxfxfxxd,"b'@pinkeugerl GX DULU, LGHI KORONA\xf0\x9f\x98\x89\xf0\x9f\x91\x8d'","b' GX DULU, LGHI KORONA\xf0\x9f\x98\x89\xf0\x9f\x91\x8d'",0.0,0.0,Neutral
147,1340591987800430080,mileÃƒÅ¸,b haa pape jela beli sanitizer aku sblm masuk kolej kang kene korona,b'@_aimanshukri_ Haa pape jela beli sanitizer aku sblm masuk kolej kang kene korona',b' Haa pape jela beli sanitizer aku sblm masuk kolej kang kene korona',0.0,0.0,Neutral
243,1340557037361449984,dillamustari,b hahahah korona bun jangan pinjamxfxfxaxanroadtoharisebelumthn,b'@Mylyodra_Kaltim Hahahah korona bun jangan pinjam2\xf0\x9f\xa4\xa3\n#RoadTo7HariSebelum17thn',b' Hahahah korona bun jangan pinjam2\xf0\x9f\xa4\xa3\n#RoadTo7HariSebelum17thn',0.0,0.0,Neutral
4,1340638635683500032,Ã°Å¸â€ ÂÃ°Å¸â€¦Â¸Ã°Å¸â€¦Â´Ã°Å¸â€¦Â·Ã°Å¸â€¦Â´Ã°Å¸Â¦â€¹,b harapan nya semoga bangtan army selalu bersama army juga makin kompak bangtan sehat sellau jugxexxa,"b'@utiindah @BTS_twt Harapan nya semoga bangtan army selalu bersama, army juga makin kompak, bangtan sehat sellau jug\xe2\x80\xa6 https://t.co/J0IpNvzE7n'","b'  Harapan nya semoga bangtan army selalu bersama, army juga makin kompak, bangtan sehat sellau jug\xe2\x80\xa6 https://t.co/J0IpNvzE7n'",0.0,0.0,Neutral
78,1340613584586370048,Cacok,b heuhnnkorona anjeng,b'@prmth HEUH\n\nKORONA ANJENG',b' HEUH\n\nKORONA ANJENG',0.0,0.0,Neutral
56,1340620273330959872,najah kukus,b hh bangsat ya pdhal kalau korona tnpa gejala lu seperti bnr sehat anjing kayak tidak sakixexxa,b'@joshcrot @exped1ent @kidkakaroto hh bangsat ya pdhal kalau korona tnpa gejala lu seperti bnr2 sehat anjing kayak tidak saki\xe2\x80\xa6 https://t.co/pkjcqrpqa7',b'   hh bangsat ya pdhal kalau korona tnpa gejala lu seperti bnr2 sehat anjing kayak tidak saki\xe2\x80\xa6 https://t.co/pkjcqrpqa7',0.0,0.0,Neutral
86,1340608911716450048,dek nestle,b hindari korona jauhi hiv biar balance,b'@txtdarioffstore @txtdarionlshop Hindari korona jauhi hiv biar balance',b'  Hindari korona jauhi hiv biar balance',0.0,0.0,Neutral
115,1340597919775209984,Tinz_Borjun (Princess Anna),b hitunggin akan berlalu jugaxfxfxxnkukiro karena wak korona dak pacak kemanomano tetapi karena tuhan itu maha baik jadinyo pacak kemanomano,"b'2020 hitunggin akan berlalu juga\xf0\x9f\x98\x86\n*kukiro karena wak korona dak pacak kemano-mano. tetapi karena tuhan itu maha baik, jadinyo pacak kemano-mano*'","b'2020 hitunggin akan berlalu juga\xf0\x9f\x98\x86\n*kukiro karena wak korona dak pacak kemano-mano. tetapi karena tuhan itu maha baik, jadinyo pacak kemano-mano*'",0.0,0.0,Neutral
73,1340616315820669952,Ã¢Å“Â§ jwi | sender aotÃ°Å¸â€™Æ’Ã°Å¸ÂÂ» STRESS BNGT EREN,b ih sama kemarin pulkam ngga bisa ke danau toba karena korona xfxfxx,"b'@rashlynx ih sama, kemarin pulkam ngga bisa ke danau toba karena korona \xf0\x9f\x98\x94'","b' ih sama, kemarin pulkam ngga bisa ke danau toba karena korona \xf0\x9f\x98\x94'",0.0,0.0,Neutral
241,1340558666894690048,ann Ã¡Â´ËœÃŠâ‚¬Ã¡Â´ÂÃ¡Â´Å Ã¡Â´â€¡Ã‰Â´,b ihhh smngtt atuhh stau safe yaa korona meresahkan,"b'@hcniaq Ihhh smngtt atuhh, stau safe yaa korona meresahkan:(('","b' Ihhh smngtt atuhh, stau safe yaa korona meresahkan:(('",0.5,0.5,Positive
57,1340620259204750080,Tade,b ijin memang tidak adanakan tetapi di situasi dan tempat tertentu bisa saja tidak diijinkan nnah sekaraxexxa,"b'@gadisresidu_b3 ijin memang tidak ada\nakan tetapi di situasi dan tempat tertentu bisa saja tidak diijinkan, \nnah sekara\xe2\x80\xa6 https://t.co/ani8dncinj'","b' ijin memang tidak ada\nakan tetapi di situasi dan tempat tertentu bisa saja tidak diijinkan, \nnah sekara\xe2\x80\xa6 https://t.co/ani8dncinj'",0.0,0.0,Neutral
189,1340582096591600128,buntut udang,b iya belum bisa karena korona kampung ku jauhhh bangeet di medan msk lagiii kesanaaaa malah diperkebunan sawit xfxfxaxad,b'@bqe115 iya belum bisa. karena korona. kampung ku jauhhh bangeet. di medan msk lagiii kesanaaaa. malah diperkebunan sawit \xf0\x9f\xa4\xad',b' iya belum bisa. karena korona. kampung ku jauhhh bangeet. di medan msk lagiii kesanaaaa. malah diperkebunan sawit \xf0\x9f\xa4\xad',0.0,0.0,Neutral
114,1340598950651300096,MLN93,b iya futsalannya abis korona saja jul,b'@mzulfikar8 iya futsalannya abis korona saja jul',b' iya futsalannya abis korona saja jul',0.0,0.0,Neutral
178,1340584593578020096,mess,b iya pengen pdhl hrsnya september kmrn tetapi karena korona gjd huhuxfxfxxadxfxfxxab,b'@zpoenah iya pengen pdhl hrsnya september kmrn tetapi karena korona gjd huhu\xf0\x9f\x98\xad\xf0\x9f\x98\xab',b' iya pengen pdhl hrsnya september kmrn tetapi karena korona gjd huhu\xf0\x9f\x98\xad\xf0\x9f\x98\xab',0.0,0.0,Neutral
151,1340591142593690112,AgaraÃ°Å¸ÂÂ¡,b iya sih marie usir korona terus kita mit ap,"b'@kokoolatemin_ Iya sih, marie usir korona terus kita mit ap'","b' Iya sih, marie usir korona terus kita mit ap'",0.0,0.0,Neutral
235,1340562208296549888,just pin a,b iyhaa biar tidak kena korona,b'@slizpknot iyhaa biar tidak kena korona',b' iyhaa biar tidak kena korona',0.0,0.0,Neutral
184,1340583226734099968,Ã¬â€žÅ“ Ã«â€¹Â¤ Ã«Â§Ë† Ã¬ÂÂ´,b iyo ngoposih seng ngenekibra wani di copot lha bpk kapolda wes susah susah lak sekolahxexxa,"b'@Yuliant61607666 @GunRomli Iyo ngoposih, seng ngenekibra wani di copot, lha bpk kapolda wes susah susah lak sekolah\xe2\x80\xa6 https://t.co/qUBw47Emux'","b'  Iyo ngoposih, seng ngenekibra wani di copot, lha bpk kapolda wes susah susah lak sekolah\xe2\x80\xa6 https://t.co/qUBw47Emux'",0.0,0.0,Neutral
244,1340556911595269888,Ica disini,b jangan ada korona korona merenggut sebagian masamasa indah smaku hu sedih,"b'@ibuibuyakult jangan ada korona, korona merenggut sebagian masa-masa indah smaku hu sedih'","b' jangan ada korona, korona merenggut sebagian masa-masa indah smaku hu sedih'",0.0,0.0,Neutral
59,1340619486555109888,Hanya Aku,b jangankan beberapa taun kedepan pas korona saja saya berasa gapunya temen lama~ mendadak yang jauhxexxa,b'@collegemenfess jangankan beberapa taun kedepan. pas korona saja saya berasa gapunya temen lama~ mendadak; yang jauh\xe2\x80\xa6 https://t.co/i98yahhbyi',b' jangankan beberapa taun kedepan. pas korona saja saya berasa gapunya temen lama~ mendadak; yang jauh\xe2\x80\xa6 https://t.co/i98yahhbyi',0.0,0.0,Neutral
153,1340589929353540096,Irfan Ansari,b jitna takla party hai yaani bjp vo kare tu chamtkar ham kare tu korona kall,b'@SanjayAzadSln Jitna takla party hai yaani bjp. Vo Kare tu chamtkar ham Kare tu korona kall',b' Jitna takla party hai yaani bjp. Vo Kare tu chamtkar ham Kare tu korona kall',0.0,0.0,Neutral
102,1340603757332100096,Chandra,b jualan bunga ji itu omapalagi korona bgni tena doee hahha,b'@AhmadHar9 @msaid_didu Jualan bunga ji itu om..apalagi korona bgni tena doee hahha',b'  Jualan bunga ji itu om..apalagi korona bgni tena doee hahha',0.0,0.0,Neutral
84,1340609597044879872,buzzer balai kont,b kadal gurun tidak usah di vaksin saja kan kata dia korona itu tentara allah,"b'@malikul100 @billray2019 kadal gurun tidak usah di vaksin saja, kan kata dia korona itu tentara Allah'","b'  kadal gurun tidak usah di vaksin saja, kan kata dia korona itu tentara Allah'",0.0,0.0,Neutral
85,1340609283348509952,Bae Coffee - Ã«Â²Â Ã¬Â»Â¤Ã­â€Â¼,b kakak sehat terus semoga rejekinya kanjar dan terhindar dari berbagai penyakit terutxexxa,"b'@LoveLakeT0BA @ivaa_2 @1Atie kakak"" sehat"" terus semoga rejekinya kanjar dan terhindar dari berbagai penyakit terut\xe2\x80\xa6 https://t.co/fMQerMd3vu'","b'   kakak"" sehat"" terus semoga rejekinya kanjar dan terhindar dari berbagai penyakit terut\xe2\x80\xa6 https://t.co/fMQerMd3vu'",0.0,0.0,Neutral
255,1340553576737690112,kpiting gelap Ã°Å¸Â¦â‚¬,b kan korona gtu g msup sekol,b'@bukanatheiss kan korona gtu g msup sekol',b' kan korona gtu g msup sekol',0.0,0.0,Neutral
160,1340587721715130112,Ã¢â„¢Â¡,b karena korona juga buuunnnxfxfxaxafxfxfxaxafxfxfxaxaf ud kbnykn rebahanxfxfxxdxfxfxfxbb,b'@iswagurl karena korona juga buuunnn\xf0\x9f\xa4\xaf\xf0\x9f\xa4\xaf\xf0\x9f\xa4\xaf ud kbnykn rebahan\xf0\x9f\x91\x8d\xf0\x9f\x8f\xbb',b' karena korona juga buuunnn\xf0\x9f\xa4\xaf\xf0\x9f\xa4\xaf\xf0\x9f\xa4\xaf ud kbnykn rebahan\xf0\x9f\x91\x8d\xf0\x9f\x8f\xbb',0.0,0.0,Neutral
234,1340563492751849984,ulan,b kasian semutnya kena koronaxfxfxxadxfxfxxadxfxfxxadxfxfxxadxfxfxxad,b'@lalahpohhh kasian semutnya kena korona\xf0\x9f\x98\xad\xf0\x9f\x98\xad\xf0\x9f\x98\xad\xf0\x9f\x98\xad\xf0\x9f\x98\xad',b' kasian semutnya kena korona\xf0\x9f\x98\xad\xf0\x9f\x98\xad\xf0\x9f\x98\xad\xf0\x9f\x98\xad\xf0\x9f\x98\xad',0.0,0.0,Neutral
132,1340595019682469888,Ã°Å¸â€˜â€˜abi-gailÃ°Å¸â€˜â€˜,b kayaknya gada korona pun tetep bakal sesek napas disana,b'@alitelidi Kayaknya gada korona pun tetep bakal sesek napas disana',b' Kayaknya gada korona pun tetep bakal sesek napas disana',0.0,0.0,Neutral
122,1340597104725659904,crayonpop,b keknya online deh temenku kan ke kampus ya abistu dia pulang kerumahnya langsung postif korona donxexxa,b'@collegemenfess Keknya online deh temenku kan ke kampus ya. abistu dia Pulang kerumahnya langsung postif korona don\xe2\x80\xa6 https://t.co/jEV6vVxSfQ',b' Keknya online deh temenku kan ke kampus ya. abistu dia Pulang kerumahnya langsung postif korona don\xe2\x80\xa6 https://t.co/jEV6vVxSfQ',0.0,0.0,Neutral
43,1340626360084150016,HMemis,b korona,b'@sulersx Korona',b' Korona',0.0,0.0,Neutral
224,1340571217124699904,pufy #opertinking,b korona kack,b'@scorrosie korona kack',b' korona kack',0.0,0.0,Neutral
35,1340629687987539968,Dinesh Kumar,b korona kaha gaya,b'@nktwts @AmitShah Korona kaha gaya',b'  Korona kaha gaya',0.0,0.0,Neutral
254,1340553892753520128,Spiderman Ori,b korona maburr bs liburan dengan tenang ktemu org hebat amp ada sesuatu yang melingkar di jari manisnnaaxexxa,"b'@traveloka 2021 korona maburr, bs liburan dengan tenang, ktemu org2 hebat, &amp; ada sesuatu yang melingkar di jari manis\n\naa\xe2\x80\xa6 https://t.co/7zsqx7rrqx'","b' 2021 korona maburr, bs liburan dengan tenang, ktemu org2 hebat, &amp; ada sesuatu yang melingkar di jari manis\n\naa\xe2\x80\xa6 https://t.co/7zsqx7rrqx'",0.0,0.0,Neutral
162,1340587388368719872,Bongzu,b korona mah gabisa nyium,b'@hahahahry Korona mah gabisa nyium',b' Korona mah gabisa nyium',0.0,0.0,Neutral
18,1340634896352460032,Abimayu,b korona malih di kata lagi di isekai,"b'@jekkeyi Korona malih, di kata lagi di isekai'","b' Korona malih, di kata lagi di isekai'",0.0,0.0,Neutral
251,1340554884504979968,Ã°Ââ€Â¸Ã°Ââ€¢â€™ Ã¢â€žÂÃ°Ââ€¢Å¡Ã°Ââ€¢â€™Ã°Ââ€¢Å¸ Ã°Å¸â€™Â¯,b korona nempel di baju,b'@akuyaaka Korona nempel di baju',b' Korona nempel di baju',0.0,0.0,Neutral
197,1340582084197440000,Kedi,b korona oldum cikamam ndiwnsibwianwk git kendine al,b'@yagizmorningstr Korona oldum cikamam ndiwnsibwianwk git kendine al',b' Korona oldum cikamam ndiwnsibwianwk git kendine al',0.0,0.0,Neutral
177,1340584796842419968,PesonaKisbet,b korona pulaknya yaaak kalo tidak krna korona kurasa akupun ikut abang undang kan seperti yang dulu,b'@togamd korona pulaknya yaaak. kalo tidak krna korona kurasa akupun ikut abang undang kan seperti yang dulu :))',b' korona pulaknya yaaak. kalo tidak krna korona kurasa akupun ikut abang undang kan seperti yang dulu :))',0.0,0.0,Neutral
36,1340628954999180032,Ãƒâ€“zkan Ãƒâ€“zÃƒÂ§etin,b korona sokar,b'@PathetiqueSonat Korona sokar',b' Korona sokar',0.0,0.0,Neutral
148,1340591526087429888,Satriyo,b korona takut lihat kegantengan somad,b'@MrsRachelIn Korona takut lihat kegantengan somad',b' Korona takut lihat kegantengan somad',0.0,0.0,Neutral
27,1340631935354190080,nandosss,b korona wei minggat,"b'@dimdwisptra korona wei , minggat!1!1!1!'","b' korona wei , minggat!1!1!1!'",0.0,0.0,Neutral
161,1340587445482469888,Ã‹Å¡ Ã Â¼ËœÃ°Å¸Ââ€œÃ¡Â¥Â´ÃŒÅ“iÃªÂªâ€¹ Ã¢â„¢Â© Ã¢â„¢Âª,b kurang tau sih kt nya syuting nya keganggu korona jadi ditunda dulu,"b'@nicawoonbae @drakoridfess kurang tau sih, kt nya syuting nya keganggu korona, jadi ditunda dulu'","b'  kurang tau sih, kt nya syuting nya keganggu korona, jadi ditunda dulu'",0.0,0.0,Neutral
39,1340627664567200000,Ã¢â„¢Â¥Ã¯Â¸Â,b kyk ngene sek enek sg ra percoyo korona wkwk,b'@seputarTA Kyk ngene sek enek sg ra percoyo korona wkwk',b' Kyk ngene sek enek sg ra percoyo korona wkwk',0.0,0.0,Neutral
33,1340630175248039936,Goebbles,b lagi korona jadi sepi semua,b'@notyourbiitjh lagi korona.. jadi sepi semua..',b' lagi korona.. jadi sepi semua..',0.0,0.0,Neutral
67,1340618582401550080,NadiiiiiinÃ¢â€ºÂµÃ¯Â¸Â,b mau nyaranin jual diri tetapi lagi korona nanti ribet kudu rapid test dulu,b'@awandowoon mau nyaranin jual diri tetapi lagi korona nanti ribet kudu rapid test dulu',b' mau nyaranin jual diri tetapi lagi korona nanti ribet kudu rapid test dulu',0.0,0.0,Neutral
47,1340624473528039936,aiiniÃ°Å¸Å’â„¢Ã°Å¸Å’Â¸,b memang korona anjing,b'@leekeolaf memang korona anjing',b' memang korona anjing',0.0,0.0,Neutral
202,1340582076714759936,danila,b menangisi kapal homo menangisi doi nangisin virus korona nangisin tidak bisa ketemu keluartidak saya,"b'2020 menangisi kapal homo, menangisi doi, nangisin virus korona, nangisin tidak bisa ketemu keluartidak saya'","b'2020 menangisi kapal homo, menangisi doi, nangisin virus korona, nangisin tidak bisa ketemu keluartidak saya'",0.0,0.0,Neutral
125,1340596093076130048,Laila,b mun teu nikahan anakannkloter korona sudah lahiran checkkkknxfxfxxaxfxfxxaxfxfxxa,"b'@LFCDeni Mun teu nikahan, anakan\nKloter 1 korona sudah lahiran checkkkk\n\xf0\x9f\x98\xa9\xf0\x9f\x98\xa9\xf0\x9f\x98\xa9'","b' Mun teu nikahan, anakan\nKloter 1 korona sudah lahiran checkkkk\n\xf0\x9f\x98\xa9\xf0\x9f\x98\xa9\xf0\x9f\x98\xa9'",0.0,0.0,Neutral
143,1340592445726190080,Nerubians,b ne adam wae golek i boncis alumni korona,b'@edowicaksono_ Ne adam wae golek i boncis alumni korona',b' Ne adam wae golek i boncis alumni korona',0.0,0.0,Neutral
108,1340600803908740096,Dotto Rangimoto,b niseme tu kama una changamoto ya afya kama vile shinikizo la damu uzito wa kupindukia na uzee chuxexxa,"b'@lifeofmshaba Niseme tu, kama una changamoto ya afya kama vile shinikizo la damu, uzito wa kupindukia, na uzee; chu\xe2\x80\xa6 https://t.co/jOB6dUuslK'","b' Niseme tu, kama una changamoto ya afya kama vile shinikizo la damu, uzito wa kupindukia, na uzee; chu\xe2\x80\xa6 https://t.co/jOB6dUuslK'",0.0,0.0,Neutral
87,1340608490964800000,"Sunoo, ÃªÂ¹â‚¬.",b no its not like that kalau korona apa kabar semua orang yang aku senyumin xfxfxaxba,"b""@03thKDY NO, IT'S NOT LIKE THAT. Kalau korona apa kabar semua orang yang aku senyumin? \xf0\x9f\xa5\xba""","b"" NO, IT'S NOT LIKE THAT. Kalau korona apa kabar semua orang yang aku senyumin? \xf0\x9f\xa5\xba""",0.0,0.0,Neutral
247,1340556296471280128,vi Ã°Å¸â€œÂ½,b nunggu jinjoo nya izone kayak nunggu korona selesai lama banget,"b'@asdfghklhy nunggu jinjoo nya izone kayak nunggu korona selesai, lama banget :('","b' nunggu jinjoo nya izone kayak nunggu korona selesai, lama banget :('",0.0,0.0,Neutral
139,1340593521573680128,l@l,b orada korona yok mu xfxfxxxfxfxx,b'@SerkanTiyansan Orada korona yok mu \xf0\x9f\x98\x82\xf0\x9f\x98\x82',b' Orada korona yok mu \xf0\x9f\x98\x82\xf0\x9f\x98\x82',0.0,0.0,Neutral
81,1340611357511579904,Ã°Ââ€˜â€Ã°Ââ€˜Å½Ã°Ââ€˜Å¡Ã°Ââ€˜Â§Ã°Ââ€˜â€™,b oy korona korona ciktin dunya turuna,b'@lanadrsgf OY KORONA KORONA CIKTIN DUNYA TURUNA',b' OY KORONA KORONA CIKTIN DUNYA TURUNA',0.0,0.0,Neutral
82,1340611290205580032,ISJET,b pasti penuh kasus covid di indonesia masih jauh dari puncaknnpertanyaannya apakah setiap pasien kxexxa,b'@alvinlie21 Pasti penuh. Kasus #covid19 di Indonesia masih jauh dari puncak.\n\nPertanyaannya: apakah setiap pasien k\xe2\x80\xa6 https://t.co/Mi40WbUE39',b' Pasti penuh. Kasus #covid19 di Indonesia masih jauh dari puncak.\n\nPertanyaannya: apakah setiap pasien k\xe2\x80\xa6 https://t.co/Mi40WbUE39',0.0,0.0,Neutral
134,1340594599060969984,Ã Â¸Â­Ã Â¸Â²Ã Â¸â„¢Ã Â¸Â¹,b penangkal pantulan korona,b'@Silviasanusi_ @badgalririsss Penangkal pantulan korona',b'  Penangkal pantulan korona',0.0,0.0,Neutral
11,1340637016174729984,Ã°Å¸ÂÂ¿,b pengen liburan tapi koronanhalahnalasannterima gaji,"b'@fwckdillaaaa Pengen liburan, tapi korona\nHalah\nAlasan\nTerima gaji'","b' Pengen liburan, tapi korona\nHalah\nAlasan\nTerima gaji'",0.0,0.0,Neutral
156,1340589060079849984,Herman Jaya Atmaja,b pilek karena korona maka e nangis kan,b'@ayudsukma Pilek karena korona. Maka e nangis kan',b' Pilek karena korona. Maka e nangis kan',0.0,0.0,Neutral
37,1340627976753289984,karjo wijaya,b pura pura kena positif korona,b'@Ar1Pangeran @momcill Pura pura kena positif korona',b'  Pura pura kena positif korona',0.0,0.0,Neutral
221,1340572085328859904,Earthbound4US,b qasar palestine da ke karkashin mamayan israela na bukatan alluren korona amma babu hali allah wadai da haka,"b'@RFI_Ha Qasar Palestine da ke karkashin mamayan Israela na bukatan alluren  korona, amma babu hali. Allah wadai da haka.'","b' Qasar Palestine da ke karkashin mamayan Israela na bukatan alluren  korona, amma babu hali. Allah wadai da haka.'",0.0,0.0,Neutral
74,1340615985443820032,arprox,b rame euy dah pasti ada korona sini v,b'@LinardiPatrick rame euy dah pasti ada korona sini ;v',b' rame euy dah pasti ada korona sini ;v',0.0,0.0,Neutral
21,1340633158069299968,Jawa,b reti korona pora rausum layat social distancing awowkw,"b'@U_NYA_TIGA Reti korona pora. Rausum layat"" social distancing awowkw'","b' Reti korona pora. Rausum layat"" social distancing awowkw'",0.03333333333333333,0.06666666666666667,Positive
194,1340582089188630016,Ã¬â€žÅ“ Ã«â€¹Â¤ Ã«Â§Ë† Ã¬ÂÂ´,b sebenernya dari kemaren aku juga mikir nya gitu naseb naseb kerjo isuk awan bengi brantas korona eh kokxexxa,"b'@GunRomli Sebenernya dari kemaren aku juga mikir nya gitu, naseb naseb kerjo isuk, awan bengi brantas korona eh kok\xe2\x80\xa6 https://t.co/27Pndmj6iF'","b' Sebenernya dari kemaren aku juga mikir nya gitu, naseb naseb kerjo isuk, awan bengi brantas korona eh kok\xe2\x80\xa6 https://t.co/27Pndmj6iF'",0.0,0.0,Neutral
50,1340623868734569984,EMIR,b selam ben korona,b'@mustafaeypoglu1 selam ben korona',b' selam ben korona',0.0,0.0,Neutral
54,1340621609132950016,KIKÃ‚Â¥,b semenjak ngerasain kerja capai target tuh susah sangat apalagi korona + akhir tahun sebisa mgkn kalo ditawaxexxa,"b'@fierza semenjak ngerasain kerja capai target tuh susah sangat apalagi korona + akhir tahun, sebisa mgkn kalo ditawa\xe2\x80\xa6 https://t.co/ph3kcdbugy'","b' semenjak ngerasain kerja capai target tuh susah sangat apalagi korona + akhir tahun, sebisa mgkn kalo ditawa\xe2\x80\xa6 https://t.co/ph3kcdbugy'",0.0,0.0,Neutral
248,1340556294751539968,Siapa hayooo,b semoga korona cepet ilang kuliah lancar dan jadi pribadi yang lebih baik,"b'@stanmenfess @sm_ninuninu Semoga korona cepet ilang, kuliah lancar, dan jadi pribadi yang lebih baik'","b'  Semoga korona cepet ilang, kuliah lancar, dan jadi pribadi yang lebih baik'",0.0,0.0,Neutral
237,1340560775635559936,Winda D Juliantika,b semoga korona segera hilang pindah kerja lebih deket rumah nonton konser live liburan sama kamuxexxa,"b'@traveloka Semoga 2021 korona segera hilang, pindah kerja lebih deket rumah, nonton konser live, liburan sama kamu,\xe2\x80\xa6 https://t.co/GbR0yyDYvE'","b' Semoga 2021 korona segera hilang, pindah kerja lebih deket rumah, nonton konser live, liburan sama kamu,\xe2\x80\xa6 https://t.co/GbR0yyDYvE'",0.13636363636363635,0.5,Positive
209,1340577841461690112,unnaÃ°Å¸ÂÂ¨,b semoga tahun depan korona sudah go out,b'@valeyme_ semoga tahun depan korona sudah go out:(',b' semoga tahun depan korona sudah go out:(',0.0,0.0,Neutral
233,1340563665892740096,Jelmaan.Ular,b semoga vaksin korona yang lagi dibuat ampuh dan tidak ada efek samping agar ekonomi pulihnnaku kangen merasakan udara luar rumah,b'@traveloka Semoga vaksin korona yang lagi dibuat ampuh dan tidak ada efek samping agar ekonomi pulih.\n\nAku kangen merasakan udara luar rumah',b' Semoga vaksin korona yang lagi dibuat ampuh dan tidak ada efek samping agar ekonomi pulih.\n\nAku kangen merasakan udara luar rumah',0.0,0.0,Neutral
220,1340572245144470016,"lei ! don't reroll, read bio :((",b semoga virus korona cepat hilang dari bumi ini dan semuanya diberikan kesehatan selalu xfxfxxfxfxfxfxbb,"b'@QueenZhuu @akhmad_mufid Semoga virus korona cepat hilang dari bumi ini, dan semuanya diberikan kesehatan selalu \xf0\x9f\x99\x8f\xf0\x9f\x8f\xbb'","b'  Semoga virus korona cepat hilang dari bumi ini, dan semuanya diberikan kesehatan selalu \xf0\x9f\x99\x8f\xf0\x9f\x8f\xbb'",0.0,0.0,Neutral
167,1340586487948080128,NurulÃ°Å¸ÂÂ¼Ã°Å¸Ââ€™Ã°Å¸ÂÂ» Ã¢Å¡Â¡Ã¯Â¸Â TEAM FLAÃÅ¸H Ã¢Å¡Â¡,b semotidak bisa pergi ke jepang terutama semotidak korona selesai tidak ada kasus lagi di dunia aamiin,"b'@traveloka semotidak 2021 bisa pergi ke jepang. terutama, semotidak korona selesai tidak ada kasus lagi di dunia. aamiin'","b' semotidak 2021 bisa pergi ke jepang. terutama, semotidak korona selesai tidak ada kasus lagi di dunia. aamiin'",0.0,0.0,Neutral
25,1340632436300859904,Ã°ÂÂÅ¡Ã°ÂÂÂÃ°ÂÂÂ¢Ã°ÂÂÂ¬,b semua rencana gagal karena korona sad,b'@baemaxie_ semua rencana gagal karena korona sad',b' semua rencana gagal karena korona sad',-0.5,1.0,Negative
31,1340630404827549952,bebe,b siapaaaa yang kiyowo xfxfxxb baeeee yaah yang imut xfxfxxbd deketan mah gampang cuma lgi korona jdi tidak boleh,"b""@n0minracle siapaaaa yang kiyowo? \xf0\x9f\x98\xb3 baeeee yaah yang imut? \xf0\x9f\x98\xbd deketan mah gampang, cuma lgi korona jdi tidak boleh (':""","b"" siapaaaa yang kiyowo? \xf0\x9f\x98\xb3 baeeee yaah yang imut? \xf0\x9f\x98\xbd deketan mah gampang, cuma lgi korona jdi tidak boleh (':""",0.0,0.0,Neutral
14,1340636299712049920,Ã¢â€°â€¹ jichu Ã¡Â¶Å“Ã¡ÂµËœÃ¡Âµâ€¡Ã¡Âµâ€°,b spiderman kena korona juga ngga sih opp,b'@dpr_yian Spiderman kena korona juga ngga sih opp?',b' Spiderman kena korona juga ngga sih opp?',0.0,0.0,Neutral
242,1340557116214569984,ann Ã¡Â´ËœÃŠâ‚¬Ã¡Â´ÂÃ¡Â´Å Ã¡Â´â€¡Ã‰Â´,b sudah sempet pertemuan ortu sih buat bahas sekul offline dan segala perizinan rencananya januari tpixexxa,"b'@smoothycheeze sudah sempet pertemuan ortu sih buat bahas sekul offline dan segala perizinan. rencananya januari, tpi\xe2\x80\xa6 https://t.co/frxjdvnkz2'","b' sudah sempet pertemuan ortu sih buat bahas sekul offline dan segala perizinan. rencananya januari, tpi\xe2\x80\xa6 https://t.co/frxjdvnkz2'",0.0,0.0,Neutral
38,1340627938023099904,Arofi Muhammad,b suwi raenek gendurinan lo mahku kaji rukanah jare kenek korona kok yo rasido to peh,"b'@RifaiChesterr @m_joenaidi suwi raenek gendurinan lo mahku, kaji rukanah jare kenek korona kok yo rasido to peh'","b'  suwi raenek gendurinan lo mahku, kaji rukanah jare kenek korona kok yo rasido to peh'",0.0,0.0,Neutral
118,1340597132651269888,Ã°Å¸Â¦â€ž,b takut korona,b'@bojvour Takut korona:(',b' Takut korona:(',0.0,0.0,Neutral
99,1340604228109260032,a 'ikal,b tanda tanda calon razia korona,b'@salembeee Tanda tanda calon razia korona',b' Tanda tanda calon razia korona',0.0,0.0,Neutral
58,1340620213100800000,ChibiÃ°Å¸â€™Â«,b telutibas berjauhan korona,b'@Glassy____Sky Telutibas berjauhan korona',b' Telutibas berjauhan korona',0.0,0.0,Neutral
123,1340597101487660032,Kusuka,b tiati korona pikiranku we tidak suruh di rumah saja,b'@maulinaanisha tiati. korona. pikiranku we tidak suruh di rumah saja',b' tiati. korona. pikiranku we tidak suruh di rumah saja',0.0,0.0,Neutral
44,1340626191192110080,anak kicil,b tidak dl lgi korona,b'@celgiovv tidak dl lgi korona',b' tidak dl lgi korona',0.0,0.0,Neutral
219,1340572267449730048,Bid1,b tolong ini difolbek mesakke santidakt dari jaman sebelum korona mo ikutan opfoll tidak kena,b'@stanmenfess @prafitra_ tolong ini difolbek mesakke santidakt dari jaman sebelum korona mo ikutan opfoll tidak kena2',b'  tolong ini difolbek mesakke santidakt dari jaman sebelum korona mo ikutan opfoll tidak kena2',0.0,0.0,Neutral
26,1340632289668169984,Ã°ÂÂÅ¡Ã°ÂÂÂÃ°ÂÂÂ¢Ã°ÂÂÂ¬,b tt pukpuk bener ya emang ini korona,b'@ucayaaa T_T *pukpuk* bener2 ya emang ini korona',b' T_T *pukpuk* bener2 ya emang ini korona',0.0,0.0,Neutral
91,1340607466090970112,MuktBin Sahabat Cebong,b virus kadal gurun lebih bahaya daripada korona,b'@rizmaya__ @divhumas_polri virus kadal gurun lebih bahaya daripada korona https://t.co/qis70nb09o',b'  virus kadal gurun lebih bahaya daripada korona https://t.co/qis70nb09o',0.0,0.0,Neutral
172,1340585495760420096,radiomaishanews,b wameambukizwa korona katika saa zilizopita kutokana na sampuli idadi jumla sasa ini,"b'349 wameambukizwa korona katika saa 24 zilizopita, kutokana na sampuli 5, 025. idadi jumla sasa ini 94, 500 https://t.co/kaawqnmxfv'","b'349 wameambukizwa korona katika saa 24 zilizopita, kutokana na sampuli 5, 025. idadi jumla sasa ini 94, 500 https://t.co/kaawqnmxfv'",0.0,0.0,Neutral
173,1340585332434060032,Ã¢â„¢Â¡ÃŒÂ·ÃŒÂ·ÃŒÂ· baginda,b xfxfxx ayo hilangkn korona,b'@134340RUN \xf0\x9f\x98\x94 ayo hilangkn korona',b' \xf0\x9f\x98\x94 ayo hilangkn korona',0.0,0.0,Neutral
34,1340630129366629888,Mr hans,b ya harus bisa di maklumi ini kan masalah dunia bukan hanya masalah nasional loooo wabah virus korona,b'@Beritasatu Ya harus bisa di maklumi ini kan masalah dunia bukan hanya masalah nasional loooo wabah virus korona',b' Ya harus bisa di maklumi ini kan masalah dunia bukan hanya masalah nasional loooo wabah virus korona',0.0,0.0,Neutral
201,1340582077960499968,BBC News Hausa,b ya umarci maaikatan kaduna su fara aiki daga gida saboda korona nnxcxarin bayani,"b""@elrufai ya umarci ma'aikatan Kaduna su fara aiki daga gida saboda korona \n\n\xc6\x98arin bayani: https://t.co/YxVnuNaEwE https://t.co/UaykrfBspm""","b"" ya umarci ma'aikatan Kaduna su fara aiki daga gida saboda korona \n\n\xc6\x98arin bayani: https://t.co/YxVnuNaEwE https://t.co/UaykrfBspm""",0.0,0.0,Neutral
76,1340614678339140096,Ã°ÂÂÂ¢Ã°ÂÂÂ§Ã°ÂÂÂ¢ Ã°ÂÂÂ¬Ã°ÂÂÅ¡Ã°ÂÂÂ¡Ã°ÂÂÂ§Ã°ÂÂÅ¡,b yang lebih miris lagi masi ada orang yang bilang korona itu tidak bahaya,b'@ntidaklammenfess yang lebih miris lagi masi ada orang yang bilang korona itu tidak bahaya :(',b' yang lebih miris lagi masi ada orang yang bilang korona itu tidak bahaya :(',0.0,0.0,Neutral
155,1340589275297890048,Abdallah Yunus Abdallah,ba kokarin da gwamnatin jihar kaduna ke yi na takaita yaduwar korona bairos datidak gobe litinin tidak watan dizamba xexxa,"b'a kokarin da gwamnatin jihar kaduna ke yi na takaita yaduwar korona bairos, datidak gobe litinin 21 tidak watan dizamba 2\xe2\x80\xa6 https://t.co/cnfadhphbq'","b'a kokarin da gwamnatin jihar kaduna ke yi na takaita yaduwar korona bairos, datidak gobe litinin 21 tidak watan dizamba 2\xe2\x80\xa6 https://t.co/cnfadhphbq'",0.0,0.0,Neutral
166,1340586651274390016,another 12,bada komen yang bilang izone bagus dan gede cuma masalahnya mereka di jepang muluxfxfxaxanwaktu mau rilis lagi di korea kexexxa,"b'ada komen yang bilang, izone bagus dan gede, cuma masalahnya mereka di jepang mulu\xf0\x9f\xa4\xa3\nwaktu mau rilis lagi di korea, ke\xe2\x80\xa6 https://t.co/pczaua7ugj'","b'ada komen yang bilang, izone bagus dan gede, cuma masalahnya mereka di jepang mulu\xf0\x9f\xa4\xa3\nwaktu mau rilis lagi di korea, ke\xe2\x80\xa6 https://t.co/pczaua7ugj'",0.0,0.0,Neutral
252,1340554765814530048,Panda,baku dari sedikit banyak fans echiendi yang bertahan sampai saat ininsedih banget banyak yang ilang atau restnfansitexexxa,b'aku dari sedikit banyak fans echiendi yang bertahan sampai saat ini..\nsedih banget banyak yang ilang atau rest..\nfansite\xe2\x80\xa6 https://t.co/ui3ulegwl2',b'aku dari sedikit banyak fans echiendi yang bertahan sampai saat ini..\nsedih banget banyak yang ilang atau rest..\nfansite\xe2\x80\xa6 https://t.co/ui3ulegwl2',0.0,0.0,Neutral
100,1340604141517720064,Hello Ã°Å¸Â¦â€¹,baku suka padang bahasa nya lucu dan aku paham dengan bahasanya insyaallah taun depan wisata ke padang kalau dunixexxa,"b'Aku suka Padang, bahasa nya lucu dan aku paham dengan bahasanya. Insyaallah taun depan wisata ke padang, kalau duni\xe2\x80\xa6 https://t.co/irK1DdXECo'","b'Aku suka Padang, bahasa nya lucu dan aku paham dengan bahasanya. Insyaallah taun depan wisata ke padang, kalau duni\xe2\x80\xa6 https://t.co/irK1DdXECo'",0.0,0.0,Neutral
79,1340613270277910016,emo but Ã°ÂÂÂÃ°ÂÂÂ«Ã°ÂÂÅ¾Ã°ÂÂÅ¡Ã°ÂÂÂ­Ã°ÂÂÂ¡ Ã°Ââ€˜Å“Ã°Ââ€™Â» Ã°ÂÂâ€¹Ã°ÂÂÂ¨Ã°ÂÂÂ¯Ã°ÂÂÅ¾ Ã¢â„¢Â¡Ã¢â„¢Â¡,banak kecil serem y bro bener perantara korona paling,b'anak kecil serem y bro bener2 perantara korona paling2',b'anak kecil serem y bro bener2 perantara korona paling2',0.0,0.0,Neutral
3,1340638637826830080,madamia,bantivaksin berisik vaksin korona ini cuma ngadangada buat kontrol umat manusia karena kalau bisa bikin vaksin secxexxa,b'Anti-vaksin berisik vaksin korona ini cuma ngada-ngada buat kontrol umat manusia karena kalau bisa bikin vaksin sec\xe2\x80\xa6 https://t.co/EnMv5K1Okp',b'Anti-vaksin berisik vaksin korona ini cuma ngada-ngada buat kontrol umat manusia karena kalau bisa bikin vaksin sec\xe2\x80\xa6 https://t.co/EnMv5K1Okp',0.0,0.0,Neutral
119,1340597122324979968,Ã¡Â´Â®Ã¡Â´Â±YinnyÃ¢ÂÂ· || JASTIP BT21 POP-UP SURABAYA,baslinya no more dream tapi gara fokus unas akhirnya stop kpop terus balik lagi wkt mic drop tetapi hype sangat wkt koronaxexxa,b'aslinya no more dream tapi gara2 fokus unas akhirnya stop kpop terus balik lagi wkt mic drop tetapi hype sangat wkt korona\xe2\x80\xa6 https://t.co/byoies2si8',b'aslinya no more dream tapi gara2 fokus unas akhirnya stop kpop terus balik lagi wkt mic drop tetapi hype sangat wkt korona\xe2\x80\xa6 https://t.co/byoies2si8',-0.25,0.5,Negative
23,1340632611794899968,Ã¬Å Â¤Ã¬Å“â€”ONÃ«Å’â‚¬,bboro boro wisuda kompre saja online tai tai tai korona tai benci,"b'boro boro wisuda, kompre saja online. tai tai tai korona tai. benci.'","b'boro boro wisuda, kompre saja online. tai tai tai korona tai. benci.'",0.0,0.0,Neutral
217,1340573803756169984,crazyme,bbtw ini di cina apa tidak ada korona lagi pada tidak pake masker xfxfxx,b'btw ini di cina apa tidak ada korona lagi? pada tidak pake masker.. \xf0\x9f\x98\x85 https://t.co/n9yz1r5eef',b'btw ini di cina apa tidak ada korona lagi? pada tidak pake masker.. \xf0\x9f\x98\x85 https://t.co/n9yz1r5eef',0.0,0.0,Neutral
183,1340583272917540096,sekar,bbukan tidak punya tabungan la tabungan e lama lama habis no nek korona terus modelnya kaya gini,"b'bukan tidak punya tabungan, la tabungan e lama lama habis no nek korona terus modelnya kaya gini:)'","b'bukan tidak punya tabungan, la tabungan e lama lama habis no nek korona terus modelnya kaya gini:)'",0.0,0.0,Neutral
203,1340581640318429952,pwentil,bbuset ini anak anak komplek jam segini masih lari larian depan rumah mentang mentang ujan berenti masuk lo pada korona,b'buset ini anak anak komplek jam segini masih lari larian depan rumah. mentang mentang ujan berenti. masuk lo pada! korona!',b'buset ini anak anak komplek jam segini masih lari larian depan rumah. mentang mentang ujan berenti. masuk lo pada! korona!',0.0,0.0,Neutral
17,1340635446963909888,Tandri Tomi,bbusetiman mun digantung pada korona sih,"b'Buset,Iman Mun digantung pada Korona sih. ? https://t.co/3wPZzTfKY2'","b'Buset,Iman Mun digantung pada Korona sih. ? https://t.co/3wPZzTfKY2'",0.0,0.0,Neutral
1,1340639259472999936,ravenskye,bdisline nnbuat temen aktivis kampus atau mahasiswa yang pengen tau asiknya ormawa di kampus gabung live ig bxexxa,"b'[DISLINE 2020]\n\nBuat temen aktivis kampus atau mahasiswa yang pengen tau asiknya ormawa di kampus, gabung live IG b\xe2\x80\xa6 https://t.co/VD4wpXT8S4'","b'[DISLINE 2020]\n\nBuat temen aktivis kampus atau mahasiswa yang pengen tau asiknya ormawa di kampus, gabung live IG b\xe2\x80\xa6 https://t.co/VD4wpXT8S4'",0.13636363636363635,0.5,Positive
15,1340636208569860096,shera,bduduk diam diam la korona aku nak travel pun tidak boleh,b'duduk diam diam la korona aku nak travel pun tidak boleh https://t.co/74ie8d2vqa https://t.co/avgqplvxu6',b'duduk diam diam la korona aku nak travel pun tidak boleh https://t.co/74ie8d2vqa https://t.co/avgqplvxu6',0.0,0.0,Neutral
163,1340587227819120128,princess consuela bananahammock,bfak korona kangen nonton konser,b'fak korona!!!!!! kangen nonton konser!!!!',b'fak korona!!!!!! kangen nonton konser!!!!',0.0,0.0,Neutral
88,1340608168762560000,winwin not loselose Ã°Å¸ÂÂ¥Ã°Å¸Â¤Â¸Ã°Å¸ÂÂ»Ã¢â‚¬ÂÃ¢â„¢â€šÃ¯Â¸Â,bflu dikit dikira korona xfxfxxxfxfxxa,b'Flu dikit dikira korona \xf0\x9f\x98\x94\xf0\x9f\x98\xa2',b'Flu dikit dikira korona \xf0\x9f\x98\x94\xf0\x9f\x98\xa2',0.0,0.0,Neutral
199,1340582080070240000,Pap Zulf Ã¢Å“Å’Ã°Å¸ÂÂ»Ã¯Â¸Â,bgile korona makin kesini makin org deket yang kena plis jng remehkan,"b'gile korona makin kesini makin org2 deket yang kena , plis jng remehkan'","b'gile korona makin kesini makin org2 deket yang kena , plis jng remehkan'",0.0,0.0,Neutral
205,1340581168828219904,ayein.Ã¢â„¢â€¢Ã¯Â¸Å½,bgini amat jadi lulusan jalur korona xfxfxxad,b'Gini amat jadi lulusan jalur korona \xf0\x9f\x98\xad',b'Gini amat jadi lulusan jalur korona \xf0\x9f\x98\xad',0.0,0.0,Neutral
60,1340619380988679936,Junkies,bgo away korona sialan aeng pen kerja,b'Go away korona sialan aeng pen kerja:( https://t.co/WY9mFk2Qu2',b'Go away korona sialan aeng pen kerja:( https://t.co/WY9mFk2Qu2',0.0,0.0,Neutral
49,1340624076235140096,monosobium glutamate,bgue lagi cerita kalo temen kantor ada yang korona ke nyokap sambil makan uduk terus dia ikutan makan uduk dong pake sexexxa,"b'gue lagi cerita kalo temen kantor ada yang korona ke nyokap sambil makan uduk, terus dia ikutan makan uduk dong pake se\xe2\x80\xa6 https://t.co/t4pzn1ujnp'","b'gue lagi cerita kalo temen kantor ada yang korona ke nyokap sambil makan uduk, terus dia ikutan makan uduk dong pake se\xe2\x80\xa6 https://t.co/t4pzn1ujnp'",0.0,0.0,Neutral
231,1340564456716150016,Legit.ng Hausa,bgwamnan kaduna nasir elrufai ya umarci maaikatan gwamnatin jiharsa kasa da mataki na su fara aikixexxa,"b""Gwamnan Kaduna, Nasir El-Rufa'i @elrufai ya umarci ma'aikatan gwamnatin Jiharsa, kasa da mataki na 14, su fara aiki\xe2\x80\xa6 https://t.co/Befsz6vQar""","b""Gwamnan Kaduna, Nasir El-Rufa'i  ya umarci ma'aikatan gwamnatin Jiharsa, kasa da mataki na 14, su fara aiki\xe2\x80\xa6 https://t.co/Befsz6vQar""",0.0,0.0,Neutral
145,1340592134471209984,Freedom Radio Nigeria,bgwamnatin jihar kaduna ta umarci maaikata xcxban xcxasa da mataki na su fara aiki daga gida a gobe litinin sakamakonxexxa,"b""Gwamnatin Jihar Kaduna ta umarci ma'aikata \xc6\xb4an \xc6\x99asa da mataki na 14 su fara aiki daga gida a gobe Litinin sakamakon\xe2\x80\xa6 https://t.co/ZOujDMyj9I""","b""Gwamnatin Jihar Kaduna ta umarci ma'aikata \xc6\xb4an \xc6\x99asa da mataki na 14 su fara aiki daga gida a gobe Litinin sakamakon\xe2\x80\xa6 https://t.co/ZOujDMyj9I""",0.0,0.0,Neutral
232,1340563876505550080,anak rajin,bhabis pergi dari kerumunan sudah mikir kena korona ssaja anjay padal emang kecapekan ssaja,"b'habis pergi dari kerumunan sudah mikir kena korona ssaja anjay, padal emang kecapekan ssaja :('","b'habis pergi dari kerumunan sudah mikir kena korona ssaja anjay, padal emang kecapekan ssaja :('",0.0,0.0,Neutral
136,1340593869549779968,Ã°Ââ€”â„¢Ã°Ââ€”Â¶Ã°Ââ€”Â®Ã¢â€ºâ€¦,bhe asli sakno pek adkel cosmic online hehe xfxfxaxa lebih kasian lagi yang anak osj tidak seee kan mereka tahun terakhir trsxexxa,"b'he asli sakno pek adkel cosmic online hehe \xf0\x9f\xa4\xa1 lebih kasian lagi yang anak osj tidak seee kan mereka tahun terakhir, trs\xe2\x80\xa6 https://t.co/ouhiy8ouis'","b'he asli sakno pek adkel cosmic online hehe \xf0\x9f\xa4\xa1 lebih kasian lagi yang anak osj tidak seee kan mereka tahun terakhir, trs\xe2\x80\xa6 https://t.co/ouhiy8ouis'",0.0,0.0,Neutral
5,1340638420289270016,Douglas Kiplagat,bhio mnyama inashtua kama korona ati kaka whaaatxfxfxxxfxfxxxfxfxx nipashewikendi,b'Hio mnyama inashtua kama korona... Ati kaka whaaat\xf0\x9f\x98\x82\xf0\x9f\x98\x82\xf0\x9f\x98\x82@RashidAbdalla #NipasheWikendi',b'Hio mnyama inashtua kama korona... Ati kaka whaaat\xf0\x9f\x98\x82\xf0\x9f\x98\x82\xf0\x9f\x98\x82 #NipasheWikendi',0.0,0.0,Neutral
13,1340636400195010048,Ã°Ââ€”Â»Ã°Ââ€”Â®Ã°ÂËœâ€ Ã°Ââ€”Â®Ã¢Å¡Â¡Ã°Ââ€¢Â­Ã¬â€¢Ë†Ã­â€¢ËœÃªÂ²Â Ã¬â€“Â´,binimah tinggal korona ilang kita ketemu gyuln,b'Inimah tinggal korona ilang kita ketemu gyul\n https://t.co/Y7ramOE5LX',b'Inimah tinggal korona ilang kita ketemu gyul\n https://t.co/Y7ramOE5LX',0.0,0.0,Neutral
179,1340584419875200000,Dio Ã¢Å¡Â«,bip korona incoming,b'ip korona incoming https://t.co/C1vVTuhgl6',b'ip korona incoming https://t.co/C1vVTuhgl6',0.0,0.0,Neutral
138,1340593573595630080,Ã¢â€œâ€šÃ¯Â¸Âr.Ã°Å¸â€¦Â±Ã¯Â¸ÂULLSHIT,bkadrun lebih bahay daripada korona,b'Kadrun lebih bahay daripada Korona https://t.co/losAEfuzIc',b'Kadrun lebih bahay daripada Korona https://t.co/losAEfuzIc',0.0,0.0,Neutral
137,1340593856157339904,KOMPAS TV,bkamu punya pertanyaan yang ingin ditanyakan ke tim satgas koronannyuk tulis pertanyaan kamu lewat dmcomment pexexxa,b'kamu punya pertanyaan yang ingin ditanyakan ke tim satgas korona?\n\nyuk tulis pertanyaan kamu lewat dm/comment. pe\xe2\x80\xa6 https://t.co/u8pap6hygg',b'kamu punya pertanyaan yang ingin ditanyakan ke tim satgas korona?\n\nyuk tulis pertanyaan kamu lewat dm/comment. pe\xe2\x80\xa6 https://t.co/u8pap6hygg',0.0,0.0,Neutral
30,1340630798169370112,LeadershipAYau,bkaruwar korona gombe ta bukaci jamaxexxa da su bi dokokinxcxakariya,b'Karuwar Korona: Gombe Ta Bukaci Jama\xe2\x80\x99a Da Su Bi Dokokin\xc2\xa0Kariya https://t.co/DJUvPN2wQQ',b'Karuwar Korona: Gombe Ta Bukaci Jama\xe2\x80\x99a Da Su Bi Dokokin\xc2\xa0Kariya https://t.co/DJUvPN2wQQ',0.0,0.0,Neutral
105,1340601605079450112,Pantau.com,bkasus korona di dunia capai juta jiwa viruscorona,b'Kasus Korona di Dunia Capai 75 Juta Jiwa #VirusCorona https://t.co/t6WZD1GAJ6',b'Kasus Korona di Dunia Capai 75 Juta Jiwa #VirusCorona https://t.co/t6WZD1GAJ6',0.0,0.0,Neutral
106,1340601457008019968,Astri Pramarini,bkata maman itu lagi ada korona kok pada buka masker n makan xfxfxxbxfxfxxbxfxfxxb,b'Kata Maman: itu lagi ada Korona kok pada buka masker n makan \xf0\x9f\x98\xb1\xf0\x9f\x98\xb1\xf0\x9f\x98\xb1 https://t.co/ECIsYTgOx8',b'Kata Maman: itu lagi ada Korona kok pada buka masker n makan \xf0\x9f\x98\xb1\xf0\x9f\x98\xb1\xf0\x9f\x98\xb1 https://t.co/ECIsYTgOx8',0.0,0.0,Neutral
140,1340592936002579968,ÃÅ“ÃÂ°Ã‘â‚¬ÃÂºÃÂ¾ ÃÅ¡Ã‘â‚¬ÃÂ°Ã‘â„¢ÃÂµÃÂ²ÃÂ¸Ã‘â€º Ã°Å¸â€â€ Ã°Å¸ËœÂ·,bkorona,b'Korona. https://t.co/7YpWyPgQjf',b'Korona. https://t.co/7YpWyPgQjf',0.0,0.0,Neutral
94,1340606778329929984,Neng AyuÃ°Å¸â€˜Â©Ã¢â‚¬ÂÃ°Å¸â€™Â»,bkorona berpesta lagi rupanyaxfxfxx,b'Korona berpesta lagi rupanya\xf0\x9f\x99\x88 https://t.co/kucpT1mRag',b'Korona berpesta lagi rupanya\xf0\x9f\x99\x88 https://t.co/kucpT1mRag',0.0,0.0,Neutral
53,1340622348454510080,sa.,bkorona brengsek,b'Korona brengsek.',b'Korona brengsek.',0.0,0.0,Neutral
55,1340620770876080128,zara,bkorona jancok,b'korona jancok',b'korona jancok',0.0,0.0,Neutral
236,1340560958029139968,LUWIN HA,bkorona rame lagi yah kesel deh,"b'Korona rame lagi yah, kesel deh'","b'Korona rame lagi yah, kesel deh'",0.0,0.0,Neutral
180,1340583987530650112,lokman,bkoronagtxfxfxx,b'Korona&gt;\xf0\x9f\x99\x84',b'Korona&gt;\xf0\x9f\x99\x84',0.0,0.0,Neutral
159,1340588261404679936,n a b Ã°Å¸Å’Â¬,blg perjalanan ke solo nyari tempat makan malem kaget nya pas sampai hampir semua orang dari pengunjung kang parkirxexxa,"b'lg perjalanan ke solo, nyari tempat makan malem, kaget nya pas sampai hampir semua orang (dari pengunjung, kang parkir\xe2\x80\xa6 https://t.co/dihpqhdnhg'","b'lg perjalanan ke solo, nyari tempat makan malem, kaget nya pas sampai hampir semua orang (dari pengunjung, kang parkir\xe2\x80\xa6 https://t.co/dihpqhdnhg'",0.0,0.0,Neutral
190,1340582094767059968,Ã¬Å¸Ë†Ã«â€¹Ë†Ã«Å â€Ã«â€šËœÃ¬ÂËœÃ¬â€¢Â½Ã¬ÂÂ´Ã«â€¹Â¤Ã°Å¸â€™Å¡Ã°Å¸â€“Â¤Ã°Å¸â€Â¥Ã°Å¸â€™Å½Ã°Å¸Å’Â»Ã°Å¸ÂÂ³,bliat awardxcxban cdrama ini penontonnya seperti konsernapa mrk tydack ad pandemic korona ini,"b'liat award\xc2\xb2an cdrama ini, penontonnya seperti konser..\napa mrk tydack ad pandemic korona ini?'","b'liat award\xc2\xb2an cdrama ini, penontonnya seperti konser..\napa mrk tydack ad pandemic korona ini?'",0.0,0.0,Neutral
207,1340579606672270080,Henricus Yulianto P,blilin korona advennkorona adven lilinkorona pranatal lilinadven lilinkoronaadven yogyakarta,b'Lilin Korona Adven..\n#korona #adven #lilinkorona #pranatal #lilinadven #lilinkoronaadven @ Yogyakarta https://t.co/zaJAprPOp5',b'Lilin Korona Adven..\n#korona #adven #lilinkorona #pranatal #lilinadven #lilinkoronaadven  Yogyakarta https://t.co/zaJAprPOp5',0.0,0.0,Neutral
154,1340589313172529920,Ã«Â°â€Ã«Â³Â´ MW,blrt sdjdjsjsks sumpah saya awalnya engtidak ngerti emang kenapa gitu kalo sudah orang terus jun tidak bs tidakbungnntaunya karena korona xfxfxxadxfxfxx,"b'lrt sdjdjsjsks sumpah saya awalnya engtidak ngerti, emang kenapa gitu kalo sudah 10 orang terus jun tidak bs tidakbung?\n\ntaunya karena korona. \xf0\x9f\x98\xad\xf0\x9f\x98\x82'","b'lrt sdjdjsjsks sumpah saya awalnya engtidak ngerti, emang kenapa gitu kalo sudah 10 orang terus jun tidak bs tidakbung?\n\ntaunya karena korona. \xf0\x9f\x98\xad\xf0\x9f\x98\x82'",0.0,0.0,Neutral
51,1340623345679640064,Anak amak,bmakan kerupuk nmakan belalangnutang makin numpuknkorona tidak ilangilang,"b'makan kerupuk ,\nmakan belalang,\nutang makin numpuk\nkorona tidak ilang-ilang.'","b'makan kerupuk ,\nmakan belalang,\nutang makin numpuk\nkorona tidak ilang-ilang.'",0.0,0.0,Neutral
40,1340627333007340032,fhri,bmalem ini harusnya di istora ketawa tawa gegara korona jadi diundur,b'malem ini harusnya di istora ketawa tawa :(( gegara korona jadi diundur :((',b'malem ini harusnya di istora ketawa tawa :(( gegara korona jadi diundur :((',0.0,0.0,Neutral
206,1340580907569260032,Bos Sarung (TGAJ),bmasa kata lurah edan jgn takut karena korona hoks xfxfxaxaa,"b'Masa? Kata lurah edan jgn takut, karena korona hoks \xf0\x9f\xa4\xaa https://t.co/bDx4FSCVlA'","b'Masa? Kata lurah edan jgn takut, karena korona hoks \xf0\x9f\xa4\xaa https://t.co/bDx4FSCVlA'",0.0,0.0,Neutral
218,1340573365615040000,Ã°Å¸Å’Â¹,bmaspan pengen siomaynpadal saya pengen jalanjalan saja tadi siang bangun tidur lalu nangis ngejer pengen pulangxexxa,"b'""maspan pengen siomay""\npadal saya pengen jalan-jalan saja, tadi siang bangun tidur lalu nangis ngejer. pengen pulang\xe2\x80\xa6 https://t.co/weasf5t0cw'","b'""maspan pengen siomay""\npadal saya pengen jalan-jalan saja, tadi siang bangun tidur lalu nangis ngejer. pengen pulang\xe2\x80\xa6 https://t.co/weasf5t0cw'",0.0,0.0,Neutral
249,1340555144312669952,nÃ‰â„¢mÃ‰â„¢ste,bmata panasxfxfxaxba sumpah parno nian sm koronaxfxfxxa,b'Mata panas\xf0\x9f\xa5\xba sumpah parno nian sm korona\xf0\x9f\x98\xa2',b'Mata panas\xf0\x9f\xa5\xba sumpah parno nian sm korona\xf0\x9f\x98\xa2',0.0,0.0,Neutral
7,1340637490785390080,"KAI, ÃªÂ¹â‚¬",bmoon tuh ca pertama saya setelah saya balik ke rp karena lagi korona saya dulu pernah ge ca tapi tidak pernah berhasil soxexxa,"b'moon tuh ca pertama saya setelah saya balik ke rp karena lagi korona, saya dulu pernah ge ca tapi tidak pernah berhasil so\xe2\x80\xa6 https://t.co/ltxzshhbsf'","b'moon tuh ca pertama saya setelah saya balik ke rp karena lagi korona, saya dulu pernah ge ca tapi tidak pernah berhasil so\xe2\x80\xa6 https://t.co/ltxzshhbsf'",0.0,0.0,Neutral
175,1340585123368940032,nelsont.rano,bnda ada mi korona di sudiangnninfo terkini dari saudara,b'Nda ada mi korona di sudiang!\n\nInfo terkini dari saudara @giehazz',b'Nda ada mi korona di sudiang!\n\nInfo terkini dari saudara ',0.0,0.0,Neutral
42,1340626965187869952,Gagang Pintu Indoapril,bngtidak beli chatime koma pun jadi lah enak santidakt yawlohh koma tuu dh lama tidak minum koma rasanya jadi gimna gtuu txexxa,"b'ngtidak beli chatime, koma pun jadi lah.. enak santidakt yawlohh koma tuu, dh lama tidak minum koma rasanya jadi gimna gtuu.. t\xe2\x80\xa6 https://t.co/h8sfiv6109'","b'ngtidak beli chatime, koma pun jadi lah.. enak santidakt yawlohh koma tuu, dh lama tidak minum koma rasanya jadi gimna gtuu.. t\xe2\x80\xa6 https://t.co/h8sfiv6109'",0.0,0.0,Neutral
97,1340605516544839936,inun sedang berusaha,bnnti di interview hrd nlulus baru kerja sekarang belum ada pengalaman km ngapain saja selama ininnmantengin korona pak,"b'nnti di interview hrd, \nlulus 2020 baru kerja sekarang, belum ada pengalaman. km ngapain saja selama ini???\n\n-mantengin korona pak..'","b'nnti di interview hrd, \nlulus 2020 baru kerja sekarang, belum ada pengalaman. km ngapain saja selama ini???\n\n-mantengin korona pak..'",0.0,0.0,Neutral
165,1340586739509809920,Mama Muda,borang bilang taun sial tetapi mau korona lah ub meledak lah masa bodo sih karna banyak sangat rencana yang sudah kuatxexxa,"b'orang bilang 2020 taun sial, tetapi mau korona lah ub meledak lah masa bodo sih, karna banyak sangat rencana yang sudah kuat\xe2\x80\xa6 https://t.co/0ozm9njcpk'","b'orang bilang 2020 taun sial, tetapi mau korona lah ub meledak lah masa bodo sih, karna banyak sangat rencana yang sudah kuat\xe2\x80\xa6 https://t.co/0ozm9njcpk'",0.0,0.0,Neutral
109,1340600395328969984,Ã°Å¸ÂÂ¦,borang kalo lagi korona gini tuh ngapain sih apakah kalian sedang menciptakan inovasi ilmiah dan inkubasi bisnis pexexxa,b'Orang2 kalo lagi korona gini tuh ngapain sih apakah kalian sedang menciptakan inovasi ilmiah dan inkubasi bisnis pe\xe2\x80\xa6 https://t.co/v6uUsUkcHb',b'Orang2 kalo lagi korona gini tuh ngapain sih apakah kalian sedang menciptakan inovasi ilmiah dan inkubasi bisnis pe\xe2\x80\xa6 https://t.co/v6uUsUkcHb',0.0,0.0,Neutral
168,1340586472659840000,Bunga Matahari,borang sini marpesta dari pagi sampai sekarang musiknya jutidak dari pagi sampai sekarang kayak tidak ada korona,"b'orang sini marpesta dari pagi sampai sekarang musiknya jutidak dari pagi sampai sekarang, kayak tidak ada korona'","b'orang sini marpesta dari pagi sampai sekarang musiknya jutidak dari pagi sampai sekarang, kayak tidak ada korona'",0.0,0.0,Neutral
62,1340619021851369984,ijal,bpaling ripuh geus sinus kambuh bersin teu ereun kabeh ninggalkeun marukana korona padahal mah panyakit rakyat,"b'Paling ripuh geus sinus kambuh bersin teu ereun, kabeh ninggalkeun marukana korona padahal mah panyakit rakyat :('","b'Paling ripuh geus sinus kambuh bersin teu ereun, kabeh ninggalkeun marukana korona padahal mah panyakit rakyat :('",0.0,0.0,Neutral
6,1340637607387000064,Mrs.Gula,bpas korona masih sedikit nih rumah sakit tu rumah sakit rujukan utama di jateng bareng sama rumah sakit kariadi amp purwokerto lupa nama rumah sakitnxexxa,"b'pas korona masih sedikit, nih rumah sakit tu 3 rumah sakit rujukan utama di jateng bareng sama rumah sakit kariadi &amp; purwokerto (lupa nama rumah sakitn\xe2\x80\xa6 https://t.co/l1bgt1imdu'","b'pas korona masih sedikit, nih rumah sakit tu 3 rumah sakit rujukan utama di jateng bareng sama rumah sakit kariadi &amp; purwokerto (lupa nama rumah sakitn\xe2\x80\xa6 https://t.co/l1bgt1imdu'",0.0,0.0,Neutral
141,1340592727143099904,Ã™â€¹ÃƒÂ¦-kayÃ‹Â£Ã‚Â¹Ã¢Å“Â±Ã¢ÂÂµ Ã°Å¸Å½Â¥ bobby day!,bpas rapotan nongki nongki yuknnkorona blom selesai bgst katanya mau masuk asrama kan tolol nanti lo nularin se asrama kan masalah,"b'""pas rapotan nongki nongki yuk""\n\nkorona blom selesai bgst, katanya mau masuk asrama kan tolol nanti lo nularin se asrama kan masalah.'","b'""pas rapotan nongki nongki yuk""\n\nkorona blom selesai bgst, katanya mau masuk asrama kan tolol nanti lo nularin se asrama kan masalah.'",0.0,0.0,Neutral
200,1340582078954540032,kyashi || boikot mihoyo,bpemgen nnton mugen train tapi kayaknya ortu gabolehin soalnya masi korona,"b'pemgen nnton mugen train tapi kayaknya ortu gabolehin,,, soalnya masi korona,,,'","b'pemgen nnton mugen train tapi kayaknya ortu gabolehin,,, soalnya masi korona,,,'",0.0,0.0,Neutral
116,1340597844835610112,Emita Daling S Maha,bpertama kalinya seumur idup natal + taun baru kluarga tidak lengkap karena korona sialan sedih sangat tidak ketemu ponakanxfxfxxadxfxfxxad,"b'pertama kalinya seumur idup, natal + taun baru kluarga tidak lengkap karena korona sialan. sedih sangat tidak ketemu ponakan\xf0\x9f\x98\xad\xf0\x9f\x98\xad'","b'pertama kalinya seumur idup, natal + taun baru kluarga tidak lengkap karena korona sialan. sedih sangat tidak ketemu ponakan\xf0\x9f\x98\xad\xf0\x9f\x98\xad'",0.0,0.0,Neutral
16,1340635653499859968,Mrs.Gula,brs tipe a banyak kasus deket rumah paling cuma menit sayang karna korona di situ gaboleh dipake buat praktikxexxa,"b'RS tipe A, banyak kasus, deket rumah paling cuma 15 menit. Sayang karna korona, di situ gaboleh dipake buat praktik\xe2\x80\xa6 https://t.co/QzDlBsGcJp'","b'RS tipe A, banyak kasus, deket rumah paling cuma 15 menit. Sayang karna korona, di situ gaboleh dipake buat praktik\xe2\x80\xa6 https://t.co/QzDlBsGcJp'",0.0,0.0,Neutral
45,1340625462456930048,Mas Kiky,brt aku tuliskan buat mas kiki sih temen ngidol jaman nya verif dan tidak verif mas kiki verif saya tim wxexxa,"b'RT @zieziexfauzix: @kiikii_91 2020 aku tuliskan buat mas kiki sih, temen ngidol jaman nya verif dan tidak verif (mas kiki verif, saya tim w\xe2\x80\xa6'","b'RT :  2020 aku tuliskan buat mas kiki sih, temen ngidol jaman nya verif dan tidak verif (mas kiki verif, saya tim w\xe2\x80\xa6'",0.0,0.0,Neutral
10,1340637076912440064,Iines Ã°Å¸Å’Ë†,brt apua xfxfxx hoitotyxcxb korona,b'RT @Hoitajat: Apua! \xf0\x9f\x98\x93 #hoitoty\xc3\xb6 #korona  https://t.co/pqOG03E4b4 https://t.co/QYvjGSFaxn',b'RT : Apua! \xf0\x9f\x98\x93 #hoitoty\xc3\xb6 #korona  https://t.co/pqOG03E4b4 https://t.co/QYvjGSFaxn',0.0,0.0,Neutral
126,1340595978789789952,"No cinnamon, please.",brt gile korona makin kesini makin org deket yang kena plis jng remehkan,"b'rt @mzulfikar8: gile korona makin kesini makin org2 deket yang kena , plis jng remehkan'","b'rt : gile korona makin kesini makin org2 deket yang kena , plis jng remehkan'",0.0,0.0,Neutral
185,1340582996177339904,madobeeeÃ°Å¸â€¢Å ,brt gwamnan kaduna nasir elrufai ya umarci maaikatan gwamnatin jiharsa kasa da mataki na su fara aiki dagaxexxa,"b""RT @legitnghausa: Gwamnan Kaduna, Nasir El-Rufa'i @elrufai ya umarci ma'aikatan gwamnatin Jiharsa, kasa da mataki na 14, su fara aiki daga\xe2\x80\xa6""","b""RT : Gwamnan Kaduna, Nasir El-Rufa'i  ya umarci ma'aikatan gwamnatin Jiharsa, kasa da mataki na 14, su fara aiki daga\xe2\x80\xa6""",0.0,0.0,Neutral
239,1340559492610540032,embirrr,brt ini curhatan mbaknya terkait penanganan rumah sakit kepada bapaknya yang divonis corona nnmenurut keluarga pasien sudah punya riwayat asmaxexxa,"b'rt @narkosun: ini curhatan mbaknya terkait penanganan rumah sakit kepada bapaknya yang divonis corona. \n\nmenurut keluarga, pasien sudah punya riwayat asma.\xe2\x80\xa6'","b'rt : ini curhatan mbaknya terkait penanganan rumah sakit kepada bapaknya yang divonis corona. \n\nmenurut keluarga, pasien sudah punya riwayat asma.\xe2\x80\xa6'",0.0,0.0,Neutral
68,1340618517729710080,Van_Diesel,brt kadal gurun lebih bahay daripada korona,b'rt @mrbullshit212: kadal gurun lebih bahay daripada korona https://t.co/losaefuzic',b'rt : kadal gurun lebih bahay daripada korona https://t.co/losaefuzic',0.0,0.0,Neutral
117,1340597351677710080,dualimajuli,brt kamu punya pertanyaan yang ingin ditanyakan ke tim satgas koronannyuk tulis pertanyaan kamu lewat dmcomment pertanyaan txexxa,b'rt @kompastv: kamu punya pertanyaan yang ingin ditanyakan ke tim satgas korona?\n\nyuk tulis pertanyaan kamu lewat dm/comment. pertanyaan t\xe2\x80\xa6',b'rt : kamu punya pertanyaan yang ingin ditanyakan ke tim satgas korona?\n\nyuk tulis pertanyaan kamu lewat dm/comment. pertanyaan t\xe2\x80\xa6',0.0,0.0,Neutral
46,1340625007613860096,Komeng DeJaVu ABIMaNYuÃ¢Å“ÂÃ¯Â¸Â,brt korona berpesta lagi rupanyaxfxfxx,b'RT @Ayudewinkr1: Korona berpesta lagi rupanya\xf0\x9f\x99\x88 https://t.co/kucpT1mRag',b'RT : Korona berpesta lagi rupanya\xf0\x9f\x99\x88 https://t.co/kucpT1mRag',0.0,0.0,Neutral
193,1340582090367219968,khusnaÃ¢ÂÂ·,brt masker korona kalo koronanya segede cilok,b'RT @notagainxz: masker korona kalo koronanya segede cilok https://t.co/onHANlkc2l',b'RT : masker korona kalo koronanya segede cilok https://t.co/onHANlkc2l',0.0,0.0,Neutral
95,1340605888667680000,R,brt maspan pengen siomaynpadal saya pengen jalanjalan saja tadi siang bangun tidur lalu nangis ngejer pengen pulang sangat homesixexxa,"b'rt @zhras_: ""maspan pengen siomay""\npadal saya pengen jalan-jalan saja, tadi siang bangun tidur lalu nangis ngejer. pengen pulang sangat, homesi\xe2\x80\xa6'","b'rt : ""maspan pengen siomay""\npadal saya pengen jalan-jalan saja, tadi siang bangun tidur lalu nangis ngejer. pengen pulang sangat, homesi\xe2\x80\xa6'",0.0,0.0,Neutral
48,1340624239678779904,Premium Times,brt mutum sama da da suka kamu da korona ranar jumaxexxa xexxyan legas ne da abuja,b'RT @PTimesHausa: Mutum sama da 500 da suka kamu da Korona ranar Juma\xe2\x80\x99a \xe2\x80\x98yan Legas ne da Abuja https://t.co/oVxmbEOHG2',b'RT : Mutum sama da 500 da suka kamu da Korona ranar Juma\xe2\x80\x99a \xe2\x80\x98yan Legas ne da Abuja https://t.co/oVxmbEOHG2',0.0,0.0,Neutral
20,1340634132976519936,noona`Ã‚Â³Ã¢ÂÂ· Ã°Å¸ÂªÂÃ¢Å“Â¨,brt ngomongin th kalau gaada korona seperti nya saya gabakal buat akun ambis dan jadi anak ambis deh karena saya d skolah males bangetxexxa,b'rt @ambisyooo: ngomongin th 2020 kalau gaada korona seperti nya saya gabakal buat akun ambis dan jadi anak ambis deh karena saya d skolah males banget\xe2\x80\xa6',b'rt : ngomongin th 2020 kalau gaada korona seperti nya saya gabakal buat akun ambis dan jadi anak ambis deh karena saya d skolah males banget\xe2\x80\xa6',0.0,0.0,Neutral
63,1340618891769179904,Bwoma Jr,brt niseme tu kama una changamoto ya afya kama vile shinikizo la damu uzito wa kupindukia na uzee chukua haxexxa,"b'RT @JiniKinyonga: @lifeofmshaba Niseme tu, kama una changamoto ya afya kama vile shinikizo la damu, uzito wa kupindukia, na uzee; chukua ha\xe2\x80\xa6'","b'RT :  Niseme tu, kama una changamoto ya afya kama vile shinikizo la damu, uzito wa kupindukia, na uzee; chukua ha\xe2\x80\xa6'",0.0,0.0,Neutral
129,1340595795603689984,Dukung TNI Polri,brt semua pihak yang sdng berjuang melawan wabah ini yang tiap saat berhubungan dekat dengan mereka yang positif koronanyang punya hatixexxa,"b'rt @ch_chotlmah: semua pihak yang sdng berjuang melawan wabah ini, yang tiap saat berhubungan dekat dengan mereka yang positif korona.\nyang punya hati\xe2\x80\xa6'","b'rt : semua pihak yang sdng berjuang melawan wabah ini, yang tiap saat berhubungan dekat dengan mereka yang positif korona.\nyang punya hati\xe2\x80\xa6'",0.0,0.0,Neutral
19,1340634848902469888,Titiasari Indayani,brt sudah pasti sekolah tatap muka akan dimulai per januari ini beberapa catatan saya untuk mencegah penularan virusxexxa,b'RT @ProfesorZubairi: Sudah pasti sekolah tatap muka akan dimulai per Januari 2021. Ini beberapa catatan saya untuk mencegah penularan virus\xe2\x80\xa6',b'RT : Sudah pasti sekolah tatap muka akan dimulai per Januari 2021. Ini beberapa catatan saya untuk mencegah penularan virus\xe2\x80\xa6',0.0,0.0,Neutral
111,1340599677150919936,Maria_,brt tanggal desember sore harusnya gladi bersih baptisan tapi sejam sebelu gladi di wa tim katekis kalo gereja tutup karexexxa,"b'RT @naralee_4010: Tanggal 4 desember sore harusnya gladi bersih baptisan. Tapi sejam sebelu gladi, di wa tim katekis kalo gereja tutup kare\xe2\x80\xa6'","b'RT : Tanggal 4 desember sore harusnya gladi bersih baptisan. Tapi sejam sebelu gladi, di wa tim katekis kalo gereja tutup kare\xe2\x80\xa6'",0.0,0.0,Neutral
245,1340556830397750016,Reres0808,brt virus korona berbahayanvirus korupsi lebih berbahaya,b'RT @FiersaBesari: Virus korona berbahaya.\nVirus korupsi lebih berbahaya',b'RT : Virus korona berbahaya.\nVirus korupsi lebih berbahaya',0.0,0.0,Neutral
41,1340627321334550016,Ã°Å¸â€™Â¥Ã°Å¸â€™Â¥Real Biggy OntopÃ°Å¸â€™Â¥Ã°Å¸â€™Â¥,brt ya umarci maaikatan kaduna su fara aiki daga gida saboda korona nnxcxarin bayani,"b""RT @bbchausa: @elrufai ya umarci ma'aikatan Kaduna su fara aiki daga gida saboda korona \n\n\xc6\x98arin bayani: https://t.co/YxVnuNaEwE https://t.c\xe2\x80\xa6""","b""RT :  ya umarci ma'aikatan Kaduna su fara aiki daga gida saboda korona \n\n\xc6\x98arin bayani: https://t.co/YxVnuNaEwE https://t.c\xe2\x80\xa6""",0.0,0.0,Neutral
121,1340597111021329920,alishaÃ‚Â Ã¢Å¸Â­Ã¢Å¸Â¬Ã¡Â´Â®Ã¡Â´Â±Ã¢ÂÂ·,bsabar ya sayangnkorona sudah yuk pengen liat bangtan nangis bahagia karna ketemu army nihxfxfxxa,"b'sabar ya sayang,\nkorona sudah yuk pengen liat bangtan nangis bahagia karna ketemu army nih\xf0\x9f\x98\x8a https://t.co/s2wrazyptz'","b'sabar ya sayang,\nkorona sudah yuk pengen liat bangtan nangis bahagia karna ketemu army nih\xf0\x9f\x98\x8a https://t.co/s2wrazyptz'",0.0,0.0,Neutral
225,1340570298312049920,far Ã°Å¸ÂÂ£ Ã¢â„¢Â¡Ã¢â‚¬â„¢s harry,bsaya mau ngasi kado ke bestie saya tapi bingung su ngasi apa mana lagi korona gini gabisa kemana mana xfxfxax,b'saya mau ngasi kado ke bestie saya tapi bingung su ngasi apa mana lagi korona gini gabisa kemana mana \xf0\x9f\xa4\x92',b'saya mau ngasi kado ke bestie saya tapi bingung su ngasi apa mana lagi korona gini gabisa kemana mana \xf0\x9f\xa4\x92',0.0,0.0,Neutral
182,1340583300683869952,hipÃƒÂ³,bsaya tuh gatau lagikayak gimana yasaya pengen putar balik waktu dimana keadaan twt kayak awal koronaagustus tuhxexxa,"b'saya tuh gatau lagi,kayak gimana ya..saya pengen putar balik waktu dimana keadaan twt kayak awal2 korona-agustus tuh\xe2\x80\xa6 https://t.co/swc6meehvl'","b'saya tuh gatau lagi,kayak gimana ya..saya pengen putar balik waktu dimana keadaan twt kayak awal2 korona-agustus tuh\xe2\x80\xa6 https://t.co/swc6meehvl'",0.0,0.0,Neutral
191,1340582092988659968,Mantan Fak girl,bseandainya tidak ada korona mungkin ku sudah jadi anak zumba dan yoga,b'Seandainya tidak ada korona mungkin ku sudah jadi anak zumba dan yoga https://t.co/QIZ4b4WqWj',b'Seandainya tidak ada korona mungkin ku sudah jadi anak zumba dan yoga https://t.co/QIZ4b4WqWj',0.0,0.0,Neutral
71,1340616839269769984,Ã°ÂÂÂ¦Ã°ÂÂÅ¡Ã°ÂÂÂ«,bsedih sangat gara korona g bisa ketemu ayah,b'sedih sangat gara2 korona g bisa ketemu ayah',b'sedih sangat gara2 korona g bisa ketemu ayah',0.0,0.0,Neutral
216,1340573863164460032,feb,bsejak korona jarang nulis tetapi bukunya dah mau abis saja,b'sejak korona jarang nulis tetapi bukunya dah mau abis saja',b'sejak korona jarang nulis tetapi bukunya dah mau abis saja',0.0,0.0,Neutral
133,1340594703016709888,Chusnul chotimah Ã°Å¸â€¡Â²Ã°Å¸â€¡Â¨,bsemua pihak yang sdng berjuang melawan wabah ini yang tiap saat berhubungan dekat dengan mereka yang positif koronanyang punxexxa,"b'semua pihak yang sdng berjuang melawan wabah ini, yang tiap saat berhubungan dekat dengan mereka yang positif korona.\nyang pun\xe2\x80\xa6 https://t.co/zjedbyzm25'","b'semua pihak yang sdng berjuang melawan wabah ini, yang tiap saat berhubungan dekat dengan mereka yang positif korona.\nyang pun\xe2\x80\xa6 https://t.co/zjedbyzm25'",0.0,0.0,Neutral
24,1340632511496420096,Ã¬Å Â¤Ã¬Å“â€”ONÃ«Å’â‚¬,bsetiap liat foto kun ge pake baju toga gini selalu keinget pas skripsian setiap liat foto dia ini selalu kayak fulxexxa,b'setiap liat foto kun ge pake baju toga gini selalu keinget pas skripsian. setiap liat foto dia ini selalu kayak ful\xe2\x80\xa6 https://t.co/28veyvktRv',b'setiap liat foto kun ge pake baju toga gini selalu keinget pas skripsian. setiap liat foto dia ini selalu kayak ful\xe2\x80\xa6 https://t.co/28veyvktRv',0.0,0.0,Neutral
158,1340588561955889920,n a b Ã°Å¸Å’Â¬,bsetidakpeduli itu sama korona kapan selesai dong pandemi ini kalau pd tidak patuh protokol xfxfxx hsiapqakbshakq sebel,b'setidakpeduli itu sama korona? kapan selesai dong pandemi ini kalau pd tidak patuh protokol \xf0\x9f\x99\x82 hsiapqakbshakq sebel',b'setidakpeduli itu sama korona? kapan selesai dong pandemi ini kalau pd tidak patuh protokol \xf0\x9f\x99\x82 hsiapqakbshakq sebel',0.0,0.0,Neutral
65,1340618752182779904,fiq`,bsriusan saya takut banget mana korona naik lagi disananni hope you both are always healthy xfxfxaxdxfxfxxan,b'sriusan saya takut banget mana korona naik lagi disana.\n\ni hope you both are always healthy \xf0\x9f\xa4\x8d\xf0\x9f\x92\x9a\n@bbrightvc @winmetawin',b'sriusan saya takut banget mana korona naik lagi disana.\n\ni hope you both are always healthy \xf0\x9f\xa4\x8d\xf0\x9f\x92\x9a\n ',0.5,0.5,Positive
29,1340631156601959936,snowball ssi,bsumpah nopengen sangat saya nemenin lu disitunnkorona sibbal xfxfxxaxfxfxxaxfxfxxannass at home for minonminosoundsyndicate mino xecxxaxebxafxbcxedxxb n,b'sumpah no..pengen sangat saya nemenin lu disitu\n\nkorona sibbal \xf0\x9f\x98\xa4\xf0\x9f\x98\xa4\xf0\x9f\x98\xa4\n\nass at home for mino\n#minosoundsyndicate #mino #\xec\x86\xa1\xeb\xaf\xbc\xed\x98\xb8 \n@official_mino_',b'sumpah no..pengen sangat saya nemenin lu disitu\n\nkorona sibbal \xf0\x9f\x98\xa4\xf0\x9f\x98\xa4\xf0\x9f\x98\xa4\n\nass at home for mino\n#minosoundsyndicate #mino #\xec\x86\xa1\xeb\xaf\xbc\xed\x98\xb8 \n',0.0,0.0,Neutral
2,1340639070712560128,REVOLUSIÃ°Å¸Å’Â¡Ã¯Â¸Â,bt buat demokrasi agak lumayanlahntp korona ngrampok t dari ken,b'25t buat demokrasi agak lumayanlah\ntp korona ngrampok 92t dari ken https://t.co/8zcwsk3zie',b'25t buat demokrasi agak lumayanlah\ntp korona ngrampok 92t dari ken https://t.co/8zcwsk3zie',0.0,0.0,Neutral
64,1340618863411510016,Ã¢ËœÂ Ãƒâ€˜ O R T H E R N GHOSTÃ°Å¸â€˜Â»,bta tallata korona da ayi katin zabe ayi zabe ayi bvn ayi polio da haka aka tallata wannan tsarin na likata lambar kxexxa,b'ta tallata korona da ayi katin zabe ayi zabe ayi BVN ayi Polio da haka aka tallata wannan tsarin na likata lambar k\xe2\x80\xa6 https://t.co/107pEhbIng',b'ta tallata korona da ayi katin zabe ayi zabe ayi BVN ayi Polio da haka aka tallata wannan tsarin na likata lambar k\xe2\x80\xa6 https://t.co/107pEhbIng',0.0,0.0,Neutral
101,1340604077290510080,inun sedang berusaha,btante saya baru sehari kerja kena korona parah bet xfxfxxxfxfxxa,b'tante saya baru sehari kerja kena korona parah bet \xf0\x9f\x98\x82\xf0\x9f\x98\xa2',b'tante saya baru sehari kerja kena korona parah bet \xf0\x9f\x98\x82\xf0\x9f\x98\xa2',0.0,0.0,Neutral
157,1340588676825299968,sunnyÃ¢Ëœâ‚¬Ã¯Â¸Â,btapi kasian nanti kalo taeyang punya baby waktu bigbang comeback dan korona sudah selesai anaknya ditinggal ngonser mulu nanti,b'tapi kasian nanti kalo taeyang punya baby waktu bigbang comeback dan korona sudah selesai. anaknya ditinggal ngonser mulu nanti',b'tapi kasian nanti kalo taeyang punya baby waktu bigbang comeback dan korona sudah selesai. anaknya ditinggal ngonser mulu nanti',0.0,0.0,Neutral
8,1340637137935320064,SketsIndonews,bterpapar virus korona esok pn jakpus hentikanxcxapersidangan,"b'Terpapar Virus Korona, Esok PN Jakpus Hentikan\xc2\xa0Persidangan https://t.co/ItjcVMZNJy'","b'Terpapar Virus Korona, Esok PN Jakpus Hentikan\xc2\xa0Persidangan https://t.co/ItjcVMZNJy'",0.0,0.0,Neutral
135,1340594161364339968,oonuyiii,btetangga teh belum mau cari pacar ngue gimana mau cari pacar bu orang lagi korona social distancing stay at home,"b'Tetangga : teh, belum mau cari pacar ?\nGue : gimana mau cari pacar bu orang lagi korona, social distancing stay at home :)'","b'Tetangga : teh, belum mau cari pacar ?\nGue : gimana mau cari pacar bu orang lagi korona, social distancing stay at home :)'",0.03333333333333333,0.06666666666666667,Positive
246,1340556365815689984,Luthfi Perdana,btinggal tunggu sampai indo dan kalo lingkungan tidak ngaruh selamat setiap orang akan kena korona pada waktunya faskexexxa,b'tinggal tunggu sampai indo dan kalo lingkungan tidak ngaruh selamat setiap orang akan kena korona pada waktunya. faske\xe2\x80\xa6 https://t.co/9qopoqdlnt',b'tinggal tunggu sampai indo dan kalo lingkungan tidak ngaruh selamat setiap orang akan kena korona pada waktunya. faske\xe2\x80\xa6 https://t.co/9qopoqdlnt',0.0,0.0,Neutral
238,1340560488443369984,Ã¥ÂÅ¡Ã¨Â½Â©,btingkat kasus korona di indo sudah naik lagi orang yang masih sering keluar apa tidak takut yak mksdnya sering hangout tiap weekend wakaka,"b'tingkat kasus korona di indo sudah naik lagi, orang2 yang masih sering keluar2 apa tidak takut yak. mksdnya sering2 hangout tiap weekend wakaka'","b'tingkat kasus korona di indo sudah naik lagi, orang2 yang masih sering keluar2 apa tidak takut yak. mksdnya sering2 hangout tiap weekend wakaka'",0.0,0.0,Neutral
72,1340616472326899968,MedcomID,btips mengelola bisnis di masa wabah korona via,b'Tips Mengelola Bisnis di Masa Wabah Korona https://t.co/9qs9zIBq2V via @medcom_id',b'Tips Mengelola Bisnis di Masa Wabah Korona https://t.co/9qs9zIBq2V via ',0.0,0.0,Neutral
75,1340614889182690048,Tarra Nitasera,budah liburan sekolah tapi tidak bisa ke manamana makasi korona xfxfxx,"b'udah liburan sekolah tapi tidak bisa ke mana-mana, makasi korona \xf0\x9f\x92\x94'","b'udah liburan sekolah tapi tidak bisa ke mana-mana, makasi korona \xf0\x9f\x92\x94'",0.0,0.0,Neutral
198,1340582082167399936,TV47 Kenya,bufunguzi wa shule mwakaninhuenda wanafunzi kutoka eneo la kajiado kusini wakakosa kurudi shuleni shule zitakapofuxexxa,"b'Ufunguzi wa shule mwakani:\nHuenda wanafunzi kutoka eneo la Kajiado Kusini wakakosa kurudi shuleni, shule zitakapofu\xe2\x80\xa6 https://t.co/udoZ4xCgmn'","b'Ufunguzi wa shule mwakani:\nHuenda wanafunzi kutoka eneo la Kajiado Kusini wakakosa kurudi shuleni, shule zitakapofu\xe2\x80\xa6 https://t.co/udoZ4xCgmn'",0.0,0.0,Neutral
22,1340632777373309952,Ceyhun Kocagz,bulan korona,b'Ulan korona https://t.co/R17kga1oMt',b'Ulan korona https://t.co/R17kga1oMt',0.0,0.0,Neutral
169,1340586184511079936,radiomaishanews,bwatu zaidi wameaga duinia kufikia sasa lioaga kutokana na korona nchiini kote ini,"b'watu 6 zaidi wameaga duinia; kufikia sasa lioaga kutokana na korona nchiini kote ini 1, 639'","b'watu 6 zaidi wameaga duinia; kufikia sasa lioaga kutokana na korona nchiini kote ini 1, 639'",0.0,0.0,Neutral
110,1340600173748199936,Just call me dee,byg ada diotak seminggu ini adlhnpernikahan nikah nikahan dan nikahnnsejatiny aku hanya ingin nikahan di kua dihadxexxa,"b'Yg ada diotak seminggu ini adlh\nPernikahan nikah nikahan dan nikah\n\nSejatiny, aku hanya ingin nikahan di KUA, dihad\xe2\x80\xa6 https://t.co/0AbRYvY3L8'","b'Yg ada diotak seminggu ini adlh\nPernikahan nikah nikahan dan nikah\n\nSejatiny, aku hanya ingin nikahan di KUA, dihad\xe2\x80\xa6 https://t.co/0AbRYvY3L8'",0.0,0.0,Neutral
id,posting_id,user_name,tweet,tweet,tweet,0.0,0.0,Neutral
